tract,orig_plot,dest_plot
061000201,Actual,None
061000202,Actual,None
061000600,Actual,Actual
061000700,None,None
061000800,Actual,Actual
061000900,None,None
061001001,Actual,None
061001002,Actual,None
061001200,Actual,None
061001300,None,None
061001401,Actual,Actual
061001402,Actual,Actual
061001501,Actual,Actual
061001502,None,None
061001600,Actual,Actual
061001800,Actual,Actual
061002000,None,None
061002100,None,None
061002201,Actual,None
061002202,Actual,None
061002400,None,None
061002500,Actual,Actual
061002601,Actual,Predicted
061002602,None,None
061002700,Actual,Actual
061002800,None,None
061002900,Actual,Actual
061003001,Actual,Actual
061003002,Actual,None
061003100,Actual,Actual
061003200,Actual,None
061003300,Actual,Actual
061003400,None,None
061003601,Actual,Actual
061003602,Actual,Predicted
061003700,None,None
061003800,Actual,None
061003900,None,None
061004000,None,None
061004100,Actual,Actual
061004200,None,None
061004300,Actual,Actual
061004400,None,None
061004500,Actual,Actual
061004700,Actual,Actual
061004800,None,None
061004900,Actual,Actual
061005000,Predicted,None
061005200,None,Predicted
061005400,Predicted,None
061005501,None,None
061005502,Actual,Predicted
061005600,None,None
061005700,Predicted,Predicted
061005800,None,None
061005900,None,None
061006000,None,None
061006100,None,None
061006200,None,None
061006300,None,None
061006400,None,None
061006500,None,None
061006600,None,None
061006700,None,None
061006800,None,None
061006900,None,None
061007000,None,None
061007100,None,None
061007200,None,None
061007300,None,None
061007400,None,None
061007500,None,None
061007600,None,None
061007700,None,None
061007800,None,None
061007900,None,None
061008000,None,None
061008100,None,None
061008200,None,None
061008300,None,None
061008400,None,Predicted
061008601,None,None
061008602,None,None
061008603,Predicted,None
061008700,None,None
061008800,None,None
061008900,None,None
061009000,None,None
061009100,None,Predicted
061009200,None,None
061009300,None,None
061009400,None,None
061009500,None,None
061009600,None,None
061009700,None,None
061009800,None,None
061009900,None,Actual
061010000,None,None
061010100,None,Actual
061010200,None,None
061010300,None,Actual
061010400,None,None
061010601,Predicted,None
061010602,None,None
061010800,None,None
061010900,Predicted,Actual
061011000,None,None
061011100,None,Actual
061011201,None,None
061011202,None,None
061011203,None,None
061011300,None,Actual
061011401,None,Predicted
061011402,None,None
061011500,None,Actual
061011600,None,None
061011700,None,Actual
061011800,None,None
061011900,None,Actual
061012000,None,None
061012100,Predicted,Actual
061012200,None,None
061012400,None,None
061012500,None,Actual
061012600,None,None
061012700,None,Actual
061012800,None,None
061012900,None,Actual
061013000,None,None
061013100,None,None
061013200,None,None
061013300,None,None
061013400,None,None
061013500,None,None
061013600,None,None
061013700,Predicted,Predicted
061013800,None,None
061013900,None,None
061014000,None,None
061014200,None,None
061014300,None,None
061014401,None,Predicted
061014402,None,None
061014500,None,None
061014601,None,None
061014602,None,None
061014700,None,None
061014801,Predicted,Predicted
061014802,None,None
061014900,None,None
061015001,None,None
061015002,None,None
061015100,None,None
061015200,None,None
061015300,None,None
061015400,None,None
061015500,None,None
061015601,None,None
061015602,Predicted,Predicted
061015700,None,None
061015801,None,None
061015802,None,None
061015900,None,None
061016001,None,None
061016002,None,None
061016100,None,None
061016200,None,None
061016300,None,None
061016400,None,Predicted
061016500,None,None
061016600,None,None
061016700,None,None
061016800,None,None
061016900,None,None
061017000,None,None
061017100,None,None
061017200,None,None
061017300,None,None
061017401,Predicted,Predicted
061017402,None,None
061017500,None,None
061017700,None,None
061017800,Predicted,Predicted
061017900,None,None
061018000,None,None
061018100,None,None
061018200,None,None
061018300,None,None
061018400,None,None
061018500,None,None
061018600,None,None
061018700,None,None
061018800,None,None
061018900,None,None
061019000,Predicted,Predicted
061019100,None,None
061019200,None,None
061019300,None,None
061019400,None,None
061019500,None,None
061019600,None,None
061019701,None,None
061019702,Predicted,Predicted
061019800,Predicted,Predicted
061019900,None,None
061020000,Predicted,Predicted
061020101,None,None
061020102,None,None
061020300,None,None
061020500,None,None
061020600,Predicted,Predicted
061020701,None,None
061020800,None,None
061020901,None,Predicted
061021000,None,None
061021100,None,None
061021200,None,None
061021303,None,None
061021400,Predicted,None
061021500,None,Predicted
061021600,None,None
061021703,None,None
061021800,None,None
061021900,None,None
061022000,None,None
061022102,Predicted,Predicted
061022200,None,Predicted
061022301,None,None
061022302,None,None
061022400,None,None
061022500,None,Predicted
061022600,None,Predicted
061022700,None,Predicted
061022800,None,Predicted
061022900,None,None
061023000,None,None
061023100,None,None
061023200,None,None
061023300,None,None
061023400,None,None
061023501,None,None
061023502,Predicted,Predicted
061023600,Predicted,None
061023700,None,None
061023801,None,None
061023802,None,None
061023900,Predicted,Predicted
061024000,None,None
061024100,None,None
061024200,None,None
061024301,None,Predicted
061024302,None,None
061024500,None,Predicted
061024700,None,None
061024900,None,None
061025100,None,None
061025300,None,Actual
061025500,None,Actual
061025700,None,None
061025900,None,Predicted
061026100,None,Actual
061026300,None,Actual
061026500,None,Actual
061026700,None,None
061026900,None,Actual
061027100,None,Actual
061027300,None,Actual
061027500,None,Actual
061027700,None,None
061027900,None,Actual
061028100,None,Predicted
061028300,None,None
061028500,None,None
061028700,Predicted,Predicted
061029100,None,None
061029300,None,None
061029500,None,None
061029700,None,None
061029900,Predicted,None
061030300,None,None
061030700,None,None
061030900,None,None
061031100,None,Actual
061031703,None,None
061031704,None,None
061031900,None,None
005000100,None,None
005000200,Predicted,Predicted
005000400,None,None
005001600,None,None
005001900,None,None
005002000,None,None
005002300,None,None
005002400,None,None
005002500,None,None
005002701,None,None
005002702,None,None
005002800,Predicted,Predicted
005003100,None,Predicted
005003300,None,None
005003500,None,None
005003700,None,None
005003800,None,None
005003900,Predicted,None
005004001,None,None
005004100,None,None
005004200,None,None
005004300,None,None
005004400,None,None
005004600,Predicted,None
005004800,None,None
005005001,None,None
005005002,None,None
005005100,None,None
005005200,None,None
005005300,None,None
005005400,Predicted,Predicted
005005600,None,None
005005902,None,None
005006000,None,None
005006100,None,None
005006200,None,None
005006300,None,None
005006400,None,None
005006500,None,None
005006700,None,None
005006800,Predicted,Predicted
005006900,None,None
005007000,Predicted,Predicted
005007100,None,None
005007200,Predicted,Predicted
005007300,None,None
005007400,Predicted,Predicted
005007500,None,None
005007600,Predicted,Predicted
005007700,None,None
005007800,None,None
005007900,None,None
005008300,None,None
005008400,Predicted,None
005008500,None,None
005008600,None,None
005008700,None,None
005008900,None,None
005009000,None,None
005009200,Predicted,Predicted
005009300,None,None
005009600,Predicted,Predicted
005009800,Predicted,Predicted
005011000,None,None
005011502,None,None
005011700,None,None
005011800,None,None
005011900,None,None
005012101,None,None
005012102,None,None
005012300,None,None
005012500,None,None
005012701,None,None
005012901,None,None
005013000,None,None
005013100,None,None
005013200,None,None
005013300,None,None
005013500,None,None
005013800,None,None
005014100,None,None
005014300,None,None
005014400,None,None
005014500,None,None
005014701,None,None
005014702,None,None
005014900,None,None
005015100,Predicted,Predicted
005015200,None,None
005015300,None,None
005015500,None,None
005015700,None,None
005015800,None,None
005015900,None,None
005016000,None,None
005016100,None,None
005016200,None,None
005016300,None,None
005016400,None,None
005016500,None,None
005016600,None,None
005016700,None,None
005016900,None,None
005017100,None,None
005017300,None,None
005017500,None,None
005017701,None,None
005017702,None,None
005017901,None,None
005017902,None,None
005018101,None,None
005018102,Predicted,None
005018301,None,Predicted
005018302,Predicted,Predicted
005018400,None,None
005018500,None,None
005018900,None,None
005019300,None,None
005019400,None,None
005019500,None,None
005019700,None,None
005019900,None,None
005020000,Predicted,Predicted
005020100,None,None
005020200,Predicted,Predicted
005020400,None,None
005020501,None,None
005020502,Predicted,None
005020601,Predicted,Predicted
005020900,None,None
005021001,None,None
005021002,None,Predicted
005021100,None,None
005021200,Predicted,Predicted
005021301,None,None
005021302,None,None
005021501,None,None
005021502,None,None
005021601,None,None
005021602,None,None
005021700,None,None
005021800,None,None
005021900,None,None
005022000,None,None
005022101,None,None
005022102,None,None
005022200,Predicted,Predicted
005022300,None,None
005022401,None,Predicted
005022403,None,None
005022404,None,Predicted
005022500,None,None
005022701,None,None
005022702,None,Predicted
005022703,None,Predicted
005022800,Predicted,Predicted
005022901,None,None
005022902,None,None
005023000,None,None
005023100,None,None
005023200,None,None
005023301,None,None
005023302,None,None
005023501,None,Predicted
005023502,None,None
005023600,None,None
005023702,None,None
005023703,None,None
005023704,None,None
005023800,None,None
005023900,None,None
005024000,None,None
005024100,None,None
005024300,None,None
005024400,None,None
005024501,None,None
005024502,None,None
005024600,None,None
005024700,None,None
005024800,None,None
005024900,None,None
005025000,None,None
005025100,None,None
005025200,None,None
005025300,None,None
005025400,None,None
005025500,None,None
005025600,None,None
005025700,None,None
005026100,None,None
005026300,None,None
005026400,None,None
005026500,Predicted,Predicted
005026601,None,None
005026602,None,None
005026701,Predicted,Predicted
005026702,None,None
005026900,None,Predicted
005027300,None,None
005027401,None,None
005027402,None,None
005027600,None,None
005027700,Predicted,Predicted
005027900,None,None
005028100,None,None
005028300,None,None
005028400,None,None
005028500,None,None
005028600,None,None
005028700,Predicted,Predicted
005028800,None,None
005028900,Predicted,Predicted
005029301,None,None
005029302,None,None
005029500,None,None
005029600,None,Predicted
005029700,None,None
005030000,None,None
005030100,None,None
005030200,None,None
005030701,None,None
005030900,None,None
005031000,None,None
005031200,None,None
005031400,None,None
005031600,None,None
005031800,None,None
005031900,None,None
005032300,None,None
005032400,None,None
005032600,None,None
005032800,Predicted,Predicted
005033000,Predicted,Predicted
005033201,Predicted,Predicted
005033202,Predicted,Predicted
005033400,None,None
005033500,Predicted,Predicted
005033600,Predicted,Predicted
005033700,None,None
005033800,Predicted,Predicted
005034000,Predicted,Predicted
005034200,None,None
005034300,None,None
005034400,None,None
005034500,None,None
005034800,None,None
005035000,None,None
005035100,None,None
005035600,Predicted,None
005035800,Predicted,None
005035900,None,None
005036000,Predicted,None
005036100,None,None
005036300,None,None
005036400,Predicted,Predicted
005036501,None,None
005036502,None,None
005036700,None,None
005036800,Predicted,None
005036901,None,None
005036902,None,None
005037000,Predicted,Predicted
005037100,None,None
005037200,Predicted,None
005037300,None,None
005037400,None,None
005037504,None,None
005037600,Predicted,None
005037800,Predicted,Predicted
005037900,None,None
005038000,Predicted,Predicted
005038100,None,None
005038200,Predicted,None
005038301,None,None
005038302,None,None
005038500,None,None
005038600,None,None
005038700,None,None
005038800,Predicted,Predicted
005038900,None,None
005039000,Predicted,Predicted
005039100,None,None
005039200,Predicted,Predicted
005039300,None,None
005039400,Actual,Actual
005039500,None,None
005039600,Predicted,Predicted
005039700,None,None
005039800,Predicted,Predicted
005039901,None,None
005039902,None,None
005040100,None,None
005040302,None,None
005040303,None,None
005040304,None,Predicted
005040400,Actual,Predicted
005040501,Predicted,None
005040502,None,None
005040600,Actual,Actual
005040701,None,None
005040702,None,None
005040800,Actual,Actual
005040900,Predicted,Predicted
005041100,None,None
005041300,None,None
005041400,Predicted,Predicted
005041500,None,None
005041800,Actual,Actual
005041900,Predicted,None
005042000,Actual,Actual
005042100,None,None
005042200,Actual,Actual
005042300,Predicted,Predicted
005042400,Actual,Actual
005042500,None,None
005042600,Actual,Actual
005042800,Actual,None
005042901,None,None
005042902,None,None
005043000,Actual,Actual
005043100,None,None
005043400,Actual,Actual
005043500,Actual,Actual
005043600,Actual,Actual
005044200,Predicted,Predicted
005044400,Actual,Predicted
005044800,Actual,None
005044901,Predicted,None
005044902,None,None
005045101,Actual,Actual
005045102,None,None
005045600,Actual,Predicted
005045800,Actual,None
005046000,Predicted,Predicted
005046201,None,None
005046202,None,None
005048400,Actual,Predicted
005050400,Predicted,None
005051600,None,None
047000100,None,None
047000200,None,None
047000301,None,None
047000501,None,None
047000502,None,None
047000700,None,Actual
047000900,None,Actual
047001100,None,Actual
047001300,None,Actual
047001500,None,Actual
047001800,None,None
047002000,Predicted,Predicted
047002100,None,None
047002200,Actual,None
047002300,None,None
047002901,None,None
047003000,None,None
047003100,Predicted,Actual
047003300,None,Actual
047003400,None,None
047003500,Predicted,Actual
047003600,None,None
047003700,None,Actual
047003800,None,None
047003900,None,Actual
047004100,None,Actual
047004300,None,Actual
047004400,None,None
047004500,None,Actual
047004600,None,None
047004700,None,None
047004900,None,None
047005000,None,None
047005100,None,Predicted
047005201,None,None
047005202,None,None
047005300,None,Predicted
047005400,None,None
047005601,None,None
047005602,None,None
047005800,None,None
047005900,None,None
047006000,None,None
047006200,None,None
047006300,None,None
047006400,None,None
047006500,None,None
047006600,None,None
047006700,None,None
047006800,Actual,None
047006900,None,Actual
047007000,Actual,None
047007100,None,Actual
047007200,Actual,None
047007400,Actual,None
047007500,None,None
047007600,Actual,Predicted
047007700,None,None
047007800,Actual,None
047008000,Actual,None
047008200,Actual,None
047008400,None,None
047008500,None,None
047008600,Actual,None
047008800,Actual,None
047009000,Actual,None
047009200,Actual,Predicted
047009400,Actual,None
047009600,Actual,Predicted
047009800,Actual,None
047010000,Actual,Actual
047010100,None,Predicted
047010200,Actual,Actual
047010400,Actual,Actual
047010600,Actual,Actual
047010800,Actual,Actual
047011000,Actual,None
047011200,Actual,None
047011400,Actual,None
047011600,Actual,Actual
047011700,None,None
047011800,Actual,Actual
047011900,None,None
047012000,Actual,Actual
047012100,None,Predicted
047012200,Actual,Actual
047012600,Actual,Actual
047012700,None,Actual
047012801,Actual,Actual
047012901,None,Actual
047012902,None,Actual
047013000,Actual,Predicted
047013100,None,None
047013200,Actual,Predicted
047013300,None,None
047013400,Actual,None
047013500,None,None
047013600,None,None
047013700,None,Predicted
047013800,None,None
047013900,None,None
047014000,None,None
047014100,None,None
047014200,None,None
047014300,None,None
047014500,None,None
047014700,None,None
047014800,None,None
047014900,None,None
047015000,Predicted,None
047015100,None,None
047015200,None,Predicted
047015300,None,Predicted
047015400,None,None
047015500,None,None
047015700,None,None
047015900,None,None
047016000,None,None
047016100,None,None
047016200,None,Predicted
047016300,None,None
047016400,None,None
047016500,None,None
047016600,Predicted,None
047016700,None,None
047016800,None,None
047016900,None,None
047017000,None,None
047017100,None,None
047017200,None,None
047017400,None,Predicted
047017500,None,None
047017600,None,None
047017700,Actual,Actual
047017800,None,None
047017900,Predicted,Actual
047018000,None,Predicted
047018100,None,Actual
047018200,None,None
047018300,None,Actual
047018400,None,None
047018501,None,None
047018600,None,None
047018700,None,None
047018800,None,Predicted
047019000,Predicted,None
047019100,None,None
047019200,Predicted,None
047019300,None,None
047019400,Predicted,None
047019500,None,None
047019600,Predicted,None
047019700,None,Predicted
047019800,None,None
047019900,None,Predicted
047020000,None,None
047020100,None,None
047020200,None,None
047020300,None,None
047020400,None,None
047020500,None,None
047020600,None,None
047020700,None,None
047020800,Actual,Predicted
047021000,Actual,Actual
047021100,Predicted,Predicted
047021200,Actual,Actual
047021300,Actual,Predicted
047021400,Actual,Actual
047021500,None,None
047021600,Actual,Actual
047021700,None,Predicted
047021800,Actual,None
047021900,None,Predicted
047022000,Actual,None
047022100,None,Predicted
047022200,Actual,None
047022400,Actual,None
047022600,None,None
047022700,Predicted,Predicted
047022800,Predicted,None
047022900,None,Predicted
047023000,None,None
047023100,None,None
047023200,None,None
047023300,None,Predicted
047023400,Predicted,None
047023500,None,None
047023600,None,None
047023800,None,None
047024000,None,None
047024100,None,Predicted
047024200,None,None
047024300,Predicted,Predicted
047024400,None,None
047024500,Predicted,Predicted
047024600,None,None
047024700,Predicted,Predicted
047024800,None,None
047024900,Predicted,Predicted
047025000,None,None
047025100,None,None
047025200,Predicted,Predicted
047025300,Predicted,Predicted
047025400,Predicted,None
047025500,None,None
047025600,Predicted,None
047025700,None,None
047025800,None,None
047025901,None,None
047025902,None,None
047026000,Predicted,Predicted
047026100,None,Predicted
047026200,None,Predicted
047026300,Predicted,Predicted
047026400,Predicted,None
047026500,Predicted,Predicted
047026600,None,None
047026700,Predicted,Predicted
047026800,Predicted,None
047026900,Predicted,Predicted
047027000,None,None
047027100,Predicted,Predicted
047027200,None,None
047027300,Predicted,Predicted
047027400,None,None
047027500,Predicted,Predicted
047027600,None,None
047027700,None,None
047027800,None,None
047027900,Predicted,Predicted
047028000,None,None
047028100,None,None
047028200,None,None
047028300,None,None
047028400,None,None
047028501,None,None
047028502,None,None
047028600,None,None
047028700,None,Predicted
047028800,None,None
047028900,None,Predicted
047029000,None,None
047029100,Predicted,Predicted
047029200,None,None
047029300,Predicted,Predicted
047029400,None,None
047029500,Predicted,Predicted
047029600,Predicted,None
047029700,Predicted,Predicted
047029800,None,None
047029900,Predicted,None
047030000,Predicted,None
047030100,Predicted,Predicted
047030200,Predicted,None
047030300,Predicted,None
047030400,None,None
047030500,None,None
047030600,None,None
047030700,Actual,Predicted
047030800,None,None
047030900,Actual,None
047031100,Predicted,Predicted
047031300,Predicted,None
047031400,None,None
047031500,Predicted,Predicted
047031701,Predicted,Predicted
047031702,Predicted,Predicted
047031900,Predicted,Predicted
047032100,Predicted,Predicted
047032300,Actual,Predicted
047032500,Actual,Predicted
047032600,None,None
047032700,Actual,Predicted
047032800,None,None
047032900,Predicted,Predicted
047033000,None,None
047033100,Actual,Actual
047033300,Actual,Actual
047033500,Actual,None
047033600,None,None
047033700,Actual,Predicted
047033900,Actual,Predicted
047034000,None,None
047034100,Predicted,Predicted
047034200,None,None
047034300,Actual,None
047034500,Actual,Predicted
047034700,Actual,Predicted
047034800,None,None
047034900,Actual,Actual
047035000,None,None
047035100,Actual,Actual
047035200,None,None
047035300,Actual,Actual
047035400,None,None
047035500,Actual,Actual
047035601,None,None
047035602,None,None
047035700,Actual,Actual
047035900,Actual,Predicted
047036001,None,None
047036002,None,None
047036100,Actual,None
047036200,Predicted,None
047036300,Predicted,Predicted
047036400,None,None
047036501,Predicted,Predicted
047036502,Predicted,None
047036600,Predicted,None
047036700,Predicted,Predicted
047036900,Predicted,Predicted
047037000,None,None
047037100,Predicted,Predicted
047037300,Predicted,Predicted
047037401,None,None
047037402,None,None
047037500,Predicted,None
047037700,Predicted,Predicted
047037900,Predicted,Predicted
047038100,Predicted,Predicted
047038200,None,None
047038300,Predicted,Predicted
047038500,Predicted,Predicted
047038600,Predicted,None
047038700,None,None
047038800,None,None
047038900,None,None
047039000,None,None
047039100,None,None
047039200,None,None
047039300,None,Predicted
047039400,None,None
047039500,None,None
047039600,None,None
047039700,Predicted,Predicted
047039800,None,None
047039900,None,Predicted
047040000,Predicted,Predicted
047040100,None,Predicted
047040200,None,None
047040300,None,None
047040400,None,Predicted
047040500,None,None
047040600,Predicted,Predicted
047040700,None,None
047040800,Predicted,Predicted
047040900,None,None
047041000,None,None
047041100,None,Predicted
047041200,None,None
047041300,Predicted,Predicted
047041401,None,None
047041402,None,None
047041500,Predicted,Predicted
047041600,None,None
047041700,None,None
047041800,None,None
047041900,None,None
047042000,None,None
047042100,None,None
047042200,None,None
047042300,None,None
047042400,Predicted,None
047042500,None,None
047042600,None,None
047042700,None,None
047042800,None,None
047042900,None,None
047043000,None,None
047043100,None,None
047043200,Predicted,None
047043300,None,None
047043400,None,None
047043500,None,None
047043600,None,None
047043700,None,None
047043800,None,None
047043900,Predicted,None
047044000,None,None
047044100,None,None
047044200,None,None
047044300,None,None
047044400,None,None
047044500,None,None
047044600,None,None
047044700,None,None
047044800,None,None
047044900,None,None
047045000,None,None
047045200,None,None
047045300,None,None
047045400,None,None
047045600,None,None
047045800,None,None
047046000,Predicted,Predicted
047046201,None,None
047046202,None,None
047046400,None,None
047046800,None,None
047047000,None,None
047047200,None,None
047047400,None,None
047047600,None,None
047047700,None,None
047047800,Predicted,None
047048000,None,None
047048100,None,None
047048200,Predicted,None
047048400,Predicted,None
047048500,None,None
047048600,Predicted,None
047048800,None,Predicted
047048900,None,None
047049000,Predicted,None
047049100,None,None
047049200,Predicted,None
047049300,None,None
047049400,Predicted,None
047049500,None,None
047049600,Predicted,Predicted
047049700,None,None
047049800,Predicted,Predicted
047049900,None,None
047050000,None,None
047050100,None,None
047050202,None,Predicted
047050300,None,None
047050400,None,None
047050500,None,None
047050600,Actual,Actual
047050700,None,None
047050801,Actual,Actual
047050803,Actual,Actual
047050804,Actual,Actual
047050900,Predicted,None
047051001,Actual,Actual
047051002,Actual,Actual
047051100,None,Predicted
047051200,Actual,Actual
047051300,None,None
047051400,Actual,Actual
047051500,None,None
047051601,Actual,Actual
047051602,Actual,Predicted
047051700,None,None
047051800,Actual,Predicted
047051900,None,None
047052000,Actual,Predicted
047052300,None,None
047052500,None,None
047052600,Predicted,Predicted
047052700,None,None
047052800,None,Predicted
047052900,None,None
047053000,None,None
047053100,Predicted,None
047053200,None,None
047053300,None,None
047053400,None,None
047053500,None,None
047053700,None,None
047053800,None,None
047053900,None,None
047054200,None,Predicted
047054300,None,None
047054400,None,None
047054500,None,None
047054600,None,None
047054700,None,None
047054800,None,None
047054900,None,None
047055000,None,None
047055100,None,None
047055200,None,None
047055300,None,None
047055400,Predicted,None
047055500,None,None
047055600,None,None
047055700,None,None
047055800,None,None
047056000,None,None
047056100,None,None
047056200,None,None
047056300,None,Predicted
047056400,None,None
047056500,None,None
047056600,None,None
047056800,None,None
047056900,None,None
047057000,None,None
047057100,None,None
047057200,Predicted,None
047057300,None,None
047057400,None,None
047057500,None,None
047057600,None,Predicted
047057800,None,None
047057900,None,None
047058000,Predicted,Predicted
047058200,None,None
047058400,None,Predicted
047058600,Predicted,None
047058800,None,None
047058900,None,None
047059000,None,None
047059100,None,None
047059200,None,None
047059300,None,None
047059401,None,None
047059402,None,None
047059600,None,None
047059800,None,None
047060000,None,None
047060600,None,None
047060800,None,None
047061002,None,None
047061003,None,None
047061004,None,None
047061200,None,None
047061600,None,None
047062000,None,None
047062200,None,None
047062600,None,None
047062800,None,None
047063200,None,None
047063600,None,None
047063800,None,None
047064000,Actual,None
047064200,None,None
047064400,None,None
047064600,Actual,None
047064800,Actual,None
047065000,Actual,Actual
047065200,Actual,Actual
047065400,Actual,Actual
047065600,Actual,Actual
047065800,Actual,Actual
047066000,Actual,Actual
047066200,Actual,Actual
047066600,None,None
047067000,Actual,Actual
047067200,Actual,Actual
047067400,Actual,Actual
047067600,Actual,Predicted
047067800,Actual,Predicted
047068000,Actual,Predicted
047068200,Actual,Actual
047068600,Actual,Actual
047068800,Actual,Actual
047069000,Actual,Actual
047069200,Actual,Predicted
047069601,Predicted,None
047069602,None,None
047069800,Actual,None
047070000,Predicted,Predicted
047070201,Actual,None
047070202,Predicted,None
047070600,None,None
047072000,Actual,Predicted
047072200,Actual,Predicted
047072400,Actual,Predicted
047072600,Actual,Predicted
047072800,Actual,Predicted
047073000,Actual,Predicted
047073200,Actual,Predicted
047073400,Actual,Predicted
047073600,Actual,Predicted
047073800,Actual,Predicted
047074000,Actual,Predicted
047074200,Actual,Actual
047074400,Actual,None
047074600,Actual,None
047074800,Actual,None
047075000,Actual,None
047075200,Actual,Predicted
047075400,None,None
047075600,None,None
047075800,None,None
047076000,None,None
047076200,Predicted,Predicted
047076400,Actual,Predicted
047076600,Actual,Actual
047076800,None,None
047077000,Actual,Actual
047077200,Actual,Actual
047077400,Actual,Actual
047077600,Actual,Actual
047078000,Actual,Actual
047078200,Actual,Actual
047078400,Actual,Actual
047078600,Actual,Actual
047078800,Actual,Actual
047079000,Actual,Actual
047079200,Actual,Actual
047079400,Actual,Actual
047079601,Actual,Actual
047079602,Actual,Actual
047079801,Actual,Predicted
047079802,Actual,Actual
047080000,Actual,Predicted
047080200,Actual,Predicted
047080400,Actual,Predicted
047080600,Predicted,Predicted
047080800,Actual,None
047081000,Actual,Predicted
047081400,Actual,Predicted
047081600,Actual,Predicted
047081800,Actual,Predicted
047082000,Actual,Actual
047082200,Actual,Actual
047082400,Actual,Actual
047082600,Actual,Predicted
047082800,Actual,Actual
047083000,Actual,Actual
047083200,Actual,Predicted
047083400,Actual,Predicted
047083600,Actual,Predicted
047083800,Actual,Predicted
047084000,Actual,Predicted
047084600,Actual,None
047084800,Actual,Predicted
047085000,Actual,Predicted
047085200,Actual,None
047085400,Actual,Predicted
047085600,Actual,Predicted
047085800,Actual,Predicted
047086000,Actual,Predicted
047086200,Actual,Predicted
047086400,Actual,Predicted
047086600,Actual,Actual
047086800,Actual,Predicted
047087000,Actual,Predicted
047087200,Actual,Predicted
047087401,Actual,Actual
047087600,Actual,Actual
047087800,Actual,Actual
047088000,Actual,Actual
047088200,Actual,Actual
047088400,Actual,Actual
047088600,Actual,Predicted
047088800,Actual,Predicted
047089000,Actual,None
047089200,Actual,Actual
047089400,Actual,Predicted
047089600,Actual,Predicted
047089800,None,None
047090000,Actual,None
047090200,None,None
047090600,None,None
047090800,None,None
047091000,None,None
047091200,None,None
047091600,Predicted,Predicted
047091800,None,None
047092000,Predicted,Predicted
047092200,Predicted,Predicted
047092400,Predicted,Predicted
047092800,Actual,None
047093000,Actual,Predicted
047093200,Actual,None
047093400,Actual,Predicted
047093600,Actual,Predicted
047093800,Actual,Predicted
047094401,Actual,Predicted
047094402,Actual,None
047094600,Actual,Predicted
047095000,Actual,Predicted
047095400,Actual,Predicted
047095600,Actual,Predicted
047095800,Actual,Predicted
047096000,Actual,None
047096200,Actual,Predicted
047096400,Actual,Predicted
047096600,Actual,Predicted
047096800,Actual,Predicted
047097000,Actual,Predicted
047097400,Actual,Predicted
047098200,None,None
047098400,Predicted,Predicted
047098600,Predicted,Predicted
047098800,Actual,Predicted
047099000,Actual,None
047099200,Actual,Predicted
047099400,Actual,Predicted
047099600,Actual,Predicted
047099800,Actual,Actual
047100400,Actual,Actual
047100600,Actual,Actual
047100800,Actual,Actual
047101000,Actual,Actual
047101200,Actual,None
047101400,Predicted,Predicted
047101600,Predicted,None
047101800,Predicted,None
047102000,Predicted,None
047102200,Actual,Actual
047102400,Actual,Actual
047102600,Actual,Actual
047102800,Actual,Actual
047103400,None,None
047105801,None,None
047105804,None,None
047107000,None,None
047107800,None,None
047109800,Actual,None
047110400,Predicted,Predicted
047110600,None,None
047111000,None,None
047111600,Predicted,Predicted
047111800,Predicted,Predicted
047112000,Predicted,Predicted
047112200,Predicted,Predicted
047112400,Predicted,Predicted
047112600,Predicted,Predicted
047112800,Predicted,Predicted
047113000,Predicted,None
047113200,Predicted,Predicted
047113400,None,None
047114201,None,None
047114202,None,Predicted
047114400,None,None
047114600,Predicted,Predicted
047115000,Predicted,Predicted
047115200,None,None
047115600,None,None
047115800,Predicted,Predicted
047116000,Predicted,None
047116200,Predicted,Predicted
047116400,Predicted,None
047116600,Predicted,None
047116800,None,None
047117000,None,None
047117201,None,Predicted
047117202,Predicted,Predicted
047117400,None,None
047117601,None,None
047117602,Predicted,None
047117800,None,None
047118000,None,None
047118201,None,None
047118202,None,None
047118400,Predicted,Predicted
047118600,None,None
047118800,Predicted,Predicted
047119000,None,None
047119200,None,None
047119400,Predicted,None
047119600,Predicted,Predicted
047119800,Predicted,Predicted
047120000,None,Predicted
047120200,None,None
047120800,None,None
047121000,None,None
047121400,Predicted,None
047122000,Predicted,None
047123700,None,None
047150200,None,None
047152200,Actual,Actual
081000100,None,None
081000200,None,None
081000400,Predicted,Predicted
081000600,Predicted,None
081000700,None,None
081000800,None,None
081001000,None,None
081001200,None,None
081001400,None,None
081001600,None,None
081001800,None,None
081001900,None,None
081002000,None,None
081002200,None,None
081002400,None,None
081002500,None,None
081002600,None,None
081002800,None,None
081003000,None,None
081003100,None,None
081003200,None,None
081003300,None,None
081003400,Predicted,None
081003600,None,None
081003700,None,None
081003800,None,None
081003900,None,None
081004001,None,None
081004002,None,None
081004200,Predicted,None
081004300,None,None
081004401,None,None
081004500,None,None
081004700,None,None
081005000,None,None
081005100,None,Predicted
081005200,None,None
081005300,None,None
081005400,Predicted,Predicted
081005500,None,None
081005700,None,None
081005800,None,None
081005900,None,None
081006100,None,None
081006201,None,None
081006202,None,None
081006300,None,None
081006501,None,None
081006502,None,None
081006900,None,None
081007100,None,None
081007300,None,None
081007500,None,None
081007700,None,None
081007900,None,None
081008100,None,None
081008300,None,Predicted
081008500,None,None
081008600,None,None
081008700,None,None
081008800,None,None
081009100,None,None
081009400,Predicted,Predicted
081009500,None,None
081009600,Predicted,None
081009700,None,None
081009800,Predicted,Predicted
081009900,None,None
081010000,Predicted,Predicted
081010100,None,None
081010200,Predicted,Predicted
081010300,None,None
081010400,Predicted,Predicted
081010500,Predicted,Predicted
081010600,Predicted,Predicted
081010701,None,None
081010800,Predicted,Predicted
081011000,Predicted,Predicted
081011100,None,None
081011200,None,None
081011300,None,None
081011400,None,None
081011500,None,None
081011600,None,None
081011700,None,None
081011800,None,Predicted
081011900,None,None
081012000,Predicted,Predicted
081012100,None,None
081012200,Predicted,Predicted
081012301,None,None
081012400,Predicted,None
081012500,None,None
081012601,Predicted,None
081012602,Predicted,Predicted
081012800,Predicted,None
081013000,None,None
081013200,None,None
081013400,None,None
081013500,None,None
081013600,None,None
081013700,None,None
081013800,Predicted,None
081014000,None,None
081014100,None,None
081014201,Predicted,Predicted
081014202,Predicted,None
081014300,None,None
081014400,None,None
081014500,None,None
081014700,None,None
081014800,None,None
081014900,None,None
081015000,Predicted,Predicted
081015100,None,None
081015200,Predicted,Predicted
081015300,None,None
081015400,Predicted,Predicted
081015500,None,None
081015600,Predicted,Predicted
081015700,None,None
081015801,Predicted,Predicted
081015802,Predicted,Predicted
081015900,None,None
081016100,None,None
081016300,None,None
081016400,Predicted,Predicted
081016600,Predicted,Predicted
081016800,Predicted,Predicted
081016900,None,None
081017000,Predicted,Predicted
081017100,None,None
081017200,None,None
081017400,Predicted,None
081017600,Predicted,None
081017800,Predicted,None
081017900,None,None
081018000,Predicted,None
081018101,None,None
081018102,None,None
081018200,Predicted,Predicted
081018300,None,None
081018401,Predicted,None
081018402,Predicted,None
081018501,None,None
081018502,None,None
081018600,Predicted,None
081018700,None,Predicted
081018800,Predicted,None
081018900,None,None
081019000,Predicted,None
081019200,Predicted,None
081019400,Predicted,Predicted
081019600,Predicted,Predicted
081019800,None,None
081019900,None,None
081020200,None,None
081020400,Actual,Actual
081020500,None,None
081020600,Actual,Actual
081020800,Actual,Actual
081021200,Actual,Actual
081021400,Predicted,Predicted
081021600,None,None
081021900,None,None
081022001,None,None
081022002,None,None
081022900,None,None
081023000,None,Predicted
081023200,Predicted,None
081023500,None,None
081023600,Actual,Actual
081023800,Actual,Actual
081024000,Actual,Actual
081024300,Actual,Actual
081024500,Actual,Actual
081024600,Actual,Actual
081024700,Actual,None
081024900,Actual,Predicted
081025100,Actual,Predicted
081025301,None,None
081025302,None,None
081025400,Actual,Actual
081025500,None,None
081025700,None,None
081025800,Actual,None
081025900,Actual,None
081026000,Actual,None
081026100,Actual,None
081026200,Actual,None
081026300,Actual,Predicted
081026400,Actual,None
081026500,Actual,Predicted
081026600,Actual,None
081026700,Actual,None
081026901,Predicted,None
081026902,Predicted,None
081027000,Actual,None
081027100,Actual,None
081027200,Actual,Predicted
081027300,None,None
081027400,Actual,None
081027500,Predicted,None
081027600,Actual,None
081027700,Predicted,None
081027800,Actual,Predicted
081027900,Predicted,None
081028000,Actual,None
081028100,None,None
081028200,Actual,None
081028300,None,None
081028400,Actual,None
081028500,None,None
081028700,None,None
081028800,Actual,Predicted
081028900,None,None
081029100,Predicted,None
081029300,None,None
081029400,Actual,None
081029500,None,Predicted
081029700,None,None
081029900,None,None
081030600,Actual,Predicted
081030902,Predicted,None
081030903,Predicted,Predicted
081030904,Predicted,Predicted
081031700,None,None
081032000,Actual,None
081032700,None,None
081032800,Actual,None
081032900,Predicted,Predicted
081033000,Actual,None
081033100,None,None
081033401,Actual,None
081033402,Actual,None
081033700,Predicted,Predicted
081033900,Predicted,Predicted
081034700,None,None
081035100,Predicted,Predicted
081035200,Actual,None
081035300,None,None
081035700,Predicted,Predicted
081035800,Actual,None
081036100,Predicted,None
081036300,Predicted,None
081036500,None,None
081036600,Actual,Predicted
081036700,Predicted,Predicted
081036800,Actual,None
081037100,None,None
081037300,Predicted,Predicted
081037500,Predicted,None
081037600,Actual,None
081037700,None,None
081037900,Predicted,None
081038100,None,None
081038301,Actual,Actual
081038302,Actual,None
081038400,Actual,None
081039400,Actual,None
081039800,Actual,None
081039900,Predicted,None
081040000,Actual,None
081040100,None,None
081040200,Actual,None
081040300,Predicted,None
081040400,Actual,Predicted
081040500,None,None
081040700,Predicted,None
081040900,None,None
081041100,None,None
081041300,None,None
081041400,Actual,Predicted
081041500,None,None
081042400,Actual,None
081042600,Actual,None
081042700,Actual,None
081043200,Actual,None
081043400,Actual,None
081043701,Actual,None
081043702,Actual,Predicted
081043900,Actual,None
081044000,Actual,Predicted
081044301,Actual,None
081044302,Predicted,Predicted
081044400,Actual,Predicted
081044601,Actual,Actual
081044602,Actual,Actual
081044800,Actual,Predicted
081045000,None,None
081045200,Predicted,None
081045400,Actual,Predicted
081045500,None,Predicted
081045600,None,None
081045700,Actual,None
081045800,Predicted,Predicted
081045900,Actual,Predicted
081046000,Actual,None
081046100,Actual,None
081046200,Actual,None
081046300,Actual,Predicted
081046400,None,None
081046500,None,None
081046600,Predicted,Predicted
081046700,Actual,None
081046800,Actual,Predicted
081046900,Actual,None
081047000,Actual,Predicted
081047100,Actual,Predicted
081047200,None,None
081047300,Actual,None
081047500,Actual,Predicted
081047600,None,None
081047800,None,None
081047900,Actual,Actual
081048000,Actual,None
081048100,Actual,Predicted
081048200,None,None
081048300,Actual,Actual
081048400,Predicted,Predicted
081048500,Actual,Actual
081048900,Actual,Actual
081049200,Predicted,Predicted
081049301,Actual,Actual
081049302,Actual,Actual
081049500,Actual,None
081049600,Predicted,None
081049700,Actual,Actual
081049900,Actual,Actual
081050000,Actual,Predicted
081050201,Actual,None
081050202,Predicted,None
081050400,Actual,None
081050500,Actual,None
081050600,Actual,None
081050700,Actual,None
081050800,Actual,None
081051000,Actual,None
081051100,None,None
081051200,Actual,None
081051300,Actual,Actual
081051500,Actual,Actual
081051600,Actual,None
081051700,None,None
081051800,Actual,None
081052000,Actual,None
081052100,None,None
081052200,Actual,None
081052400,Actual,None
081052500,None,None
081052600,Actual,None
081052800,Actual,None
081053000,Actual,None
081053100,None,None
081053200,Actual,None
081053401,Actual,None
081053500,None,None
081053601,Actual,None
081053800,Actual,None
081053900,None,None
081054000,Actual,Predicted
081054200,Predicted,None
081054500,None,None
081054700,None,None
081054800,Predicted,None
081054900,None,None
081055100,None,None
081055200,Predicted,Predicted
081055300,None,None
081055400,Predicted,Predicted
081055500,None,None
081055600,Predicted,None
081055700,None,None
081055800,None,None
081055900,None,None
081056000,None,None
081056100,None,None
081056200,None,None
081056400,Predicted,None
081056500,None,None
081056600,None,None
081056700,None,None
081056800,Predicted,None
081057700,None,None
081057900,None,None
081058000,Actual,None
081058100,None,None
081058200,Actual,None
081058300,None,None
081058500,None,None
081058700,None,None
081058900,None,None
081059000,Actual,None
081059100,None,None
081059200,Actual,None
081059300,None,None
081059400,Actual,None
081059500,None,None
081059600,Actual,None
081059800,Actual,None
081059900,None,None
081060000,Actual,None
081060100,None,None
081060300,None,None
081060600,Actual,None
081060701,None,None
081060800,Actual,None
081061000,Actual,None
081061200,Actual,None
081061301,None,None
081061302,None,None
081061400,Actual,None
081061601,Actual,None
081061602,Actual,None
081061800,Actual,None
081061900,None,None
081062000,Actual,None
081062100,None,None
081062200,Actual,None
081062300,None,None
081062400,None,None
081062500,None,None
081062600,Actual,None
081062700,None,None
081062900,None,None
081063000,Actual,None
081063200,Actual,None
081063301,None,None
081063302,None,None
081063500,None,None
081063700,None,None
081063800,Actual,None
081063900,None,Predicted
081064101,None,None
081064102,None,None
081064500,None,None
081064600,Actual,None
081065000,Actual,None
081065400,Actual,None
081065501,None,None
081065600,Actual,None
081065702,None,None
081065703,None,Predicted
081065900,None,None
081066000,Actual,None
081066100,None,None
081066300,None,None
081066400,Actual,None
081066501,None,None
081066701,None,None
081066900,Actual,None
081067100,Actual,None
081067700,None,None
081067900,None,None
081068000,Actual,None
081068200,Predicted,None
081068300,Actual,None
081068700,Actual,Predicted
081069000,Actual,None
081069300,None,None
081069400,Actual,None
081069500,None,None
081069701,None,None
081069702,None,None
081070300,None,None
081070700,None,None
081070900,None,None
081071100,None,None
081071303,None,None
081071304,None,None
081071305,None,None
081071306,None,None
081071600,Actual,None
081071701,None,None
081071702,None,None
081071900,Actual,None
081072100,None,None
081072300,None,None
081072900,None,None
081073100,None,None
081073700,None,None
081073900,None,None
081074100,None,None
081074300,Actual,None
081074500,Actual,None
081074700,Actual,Predicted
081074900,None,None
081075701,None,None
081075702,None,None
081076901,None,None
081076902,None,None
081077300,None,None
081077500,None,Predicted
081077902,None,None
081077903,None,None
081077904,None,None
081077905,None,None
081077906,None,None
081077907,None,None
081077908,None,None
081078800,None,None
081079000,Predicted,Predicted
081079200,Predicted,None
081079300,None,None
081079701,Actual,Actual
081079702,Actual,Actual
081079900,Actual,Predicted
081080301,Actual,Predicted
081080302,Actual,Predicted
081080900,None,None
081081400,Predicted,Predicted
081081800,None,None
081083700,Predicted,Predicted
081083800,Predicted,Predicted
081084000,Predicted,Predicted
081084500,None,None
081084601,Predicted,Predicted
081084602,None,None
081084900,Actual,Actual
081085300,Actual,Actual
081085500,Actual,Actual
081085700,Actual,Actual
081085900,Predicted,Predicted
081086100,Predicted,None
081086300,Predicted,None
081086400,None,None
081086500,Actual,Actual
081086900,Actual,Actual
081087100,Actual,Actual
081088400,None,None
081088901,None,None
081089200,Predicted,Predicted
081090700,None,None
081091601,None,None
081091602,None,None
081091800,None,None
081091900,None,Predicted
081092200,None,None
081092500,Predicted,Predicted
081092800,None,None
081092900,Predicted,None
081093401,None,None
081093402,None,None
081093800,None,None
081093900,Predicted,Predicted
081094201,Actual,Actual
081094202,Actual,Actual
081094203,Actual,Actual
081094500,None,None
081094700,None,Predicted
081095400,Actual,Predicted
081096400,Actual,Predicted
081097202,Actual,None
081097203,Actual,None
081097204,Actual,None
081097300,None,None
081098100,None,None
081098700,None,None
081099100,None,None
081099200,Actual,Predicted
081099701,None,None
081099703,None,None
081099704,None,None
081099705,None,None
081099801,Actual,Predicted
081099802,Actual,None
081099900,None,None
081100801,Actual,None
081100802,Actual,None
081101001,Actual,None
081101002,None,None
081101700,None,None
081102900,None,None
081103201,Actual,None
081103202,Actual,Predicted
081103300,None,None
081103900,None,None
081104700,None,None
081105900,None,None
081107201,None,None
081108500,None,None
081109300,None,None
081109700,None,None
081109900,None,None
081111300,None,None
081112300,None,None
081112900,None,None
081113300,None,None
081113900,None,None
081114100,None,None
081114700,None,None
081115100,None,None
081115500,None,None
081115700,Predicted,Predicted
081115900,Predicted,Predicted
081116100,None,None
081116300,Predicted,Predicted
081116700,Predicted,None
081117100,Predicted,Predicted
081117500,None,None
081118100,None,None
081118500,None,None
081118700,Predicted,Predicted
081118900,Predicted,Predicted
081119100,Predicted,Predicted
081119300,Predicted,None
081119500,None,None
081119900,None,None
081120100,Predicted,None
081120300,None,None
081120500,None,None
081120700,None,None
081121100,None,None
081121500,Predicted,Predicted
081122300,Predicted,Predicted
081122701,None,None
081122702,None,None
081124100,None,Predicted
081124700,None,None
081125700,Predicted,Predicted
081126500,None,None
081126700,None,None
081127700,None,None
081128300,None,None
081129102,None,None
081129103,None,None
081129104,None,None
081130100,None,Predicted
081133300,None,None
081133900,None,None
081134100,None,Predicted
081134700,None,None
081136700,None,None
081137700,Predicted,None
081138501,None,None
081138502,None,None
081139900,None,None
081140300,None,None
081140901,None,None
081140902,None,None
081141700,Predicted,None
081142900,None,None
081143500,None,None
081144100,None,None
081144700,Predicted,None
081145101,None,None
081145102,Predicted,Predicted
081145900,None,None
081146300,None,None
081146700,None,None
081147100,None,None
081147900,None,None
081148300,None,None
081150701,None,None
081150702,None,None
081152901,None,None
081152902,None,None
081155101,None,None
081155102,None,None
081156700,None,None
081157101,None,None
081157102,None,None
081157901,None,None
081157902,None,None
081157903,None,None
081161700,None,None
081162100,None,None
085000300,None,Predicted
085000600,None,None
085000700,Predicted,Predicted
085000800,None,None
085000900,None,None
085001100,None,Predicted
085001700,None,None
085001800,None,None
085002001,None,None
085002002,None,None
085002100,None,None
085002700,None,None
085002900,None,Predicted
085003300,None,None
085003600,None,None
085003900,Predicted,None
085004000,None,Predicted
085004700,None,None
085005000,None,None
085005900,None,None
085006400,None,None
085006700,None,None
085007000,None,None
085007400,None,None
085007500,None,Predicted
085007700,Predicted,None
085008100,None,None
085008900,None,None
085009601,None,None
085009602,None,None
085009700,None,Predicted
085010500,None,None
085011201,None,None
085011202,None,None
085011401,None,Predicted
085011402,None,None
085012100,None,None
085012200,None,None
085012500,None,None
085012804,None,None
085012805,None,None
085012806,None,None
085013201,None,None
085013203,None,None
085013204,None,None
085013301,None,None
085013302,Predicted,Predicted
085013400,None,None
085013800,None,None
085014100,None,None
085014604,None,None
085014605,None,None
085014606,None,None
085014607,None,None
085014608,None,None
085014700,None,None
085015100,None,None
085015400,None,None
085015601,None,None
085015602,None,None
085015603,None,None
085016901,None,None
085017005,None,None
085017007,None,None
085017008,None,None
085017009,None,None
085017010,None,None
085017011,None,None
085017012,None,None
085017300,None,None
085017600,None,None
085017700,None,None
085018100,None,None
085018701,None,None
085018702,None,None
085018901,None,None
085018902,None,None
085019700,None,None
085019800,None,None
085020100,None,None
085020700,None,None
085020801,None,None
085020803,None,None
085020804,None,None
085021300,None,Predicted
085022300,Predicted,Predicted
085022600,None,None
085022800,None,None
085023100,None,None
085023900,None,None
085024401,None,None
085024402,None,None
085024700,None,Predicted
085024800,None,None
085025100,None,None
085027301,None,None
085027302,None,None
085027702,None,None
085027704,None,None
085027705,None,None
085027706,None,Predicted
085027900,None,None
085029102,None,Predicted
085029103,None,None
085029104,None,None
085030301,None,None
085030302,None,None
085031901,Predicted,Predicted
085031902,Predicted,Predicted
